rank,player,rating,win_pct,win_fair_odds,top5_pct,top5_fair_odds,top10_pct,top10_fair_odds,top20_pct,top20_fair_odds,make_cut_pct,make_cut_fair_odds
1,Jackson Koivun,+1.49,7.6,+1215,27.7,+261,43.8,+128,62.8,-169,90.9,-1001
2,Ben James,+1.12,5.4,+1748,21.3,+370,34.3,+192,52.1,-109,85.7,-601
3,Maverick McNealy,+0.90,3.6,+2693,16.8,+495,27.9,+259,45.3,+121,83.7,-515
4,Doug Ghim,+0.86,2.7,+3611,14.5,+590,26.3,+280,45.1,+121,84.5,-543
5,Michael Brennan,+0.67,2.5,+3982,12.5,+697,22.7,+341,39.2,+155,80.0,-401
6,Ben Kohles,+0.59,2.5,+3986,12.0,+735,21.9,+358,37.8,+165,79.4,-385
7,Matt Wallace,+0.48,2.2,+4391,11.5,+770,20.1,+398,35.2,+184,76.8,-331
8,Jordan Smith,+0.58,2.1,+4713,11.1,+799,21.1,+373,37.5,+167,79.3,-383
9,Johnny Keefer,+0.37,2.1,+4764,10.0,+901,18.3,+446,32.1,+212,75.4,-307
10,Jackson Suber,+0.45,2.0,+4858,10.8,+827,20.0,+400,34.2,+192,75.4,-307
11,Kevin Yu,+0.61,1.9,+5058,11.2,+796,20.8,+381,38.0,+163,79.8,-394
12,Marco Penge,+0.38,1.8,+5344,10.0,+904,18.2,+449,32.0,+212,74.8,-297
13,Emiliano Grillo,+0.30,1.7,+5824,9.0,+1016,16.2,+518,29.9,+234,73.9,-283
14,Eric Cole,+0.27,1.6,+5982,8.9,+1029,17.1,+484,30.4,+229,72.6,-264
15,Rico Hoey,+0.29,1.6,+6118,9.2,+981,16.9,+491,30.4,+229,73.3,-275
16,Max Greyserman,+0.21,1.6,+6317,7.7,+1195,15.3,+555,28.0,+258,71.3,-249
17,Nick Taylor,+0.42,1.5,+6452,9.0,+1010,17.9,+458,33.2,+201,76.4,-324
18,Max Homa,+0.19,1.5,+6758,8.1,+1129,15.0,+568,28.0,+257,72.2,-259
19,Davis Thompson,+0.44,1.4,+6863,9.2,+992,17.8,+463,32.6,+207,76.8,-331
20,Kevin Roy,+0.29,1.4,+6871,8.6,+1060,16.3,+513,30.0,+233,73.4,-276
21,Mac Meissner,+0.37,1.4,+7082,8.3,+1102,16.2,+519,30.9,+224,76.5,-325
22,Chris Kirk,+0.43,1.4,+7149,8.9,+1024,17.3,+478,32.6,+207,77.4,-343
23,Harry Hall,+0.28,1.4,+7206,7.5,+1240,15.2,+558,29.2,+242,74.6,-293
24,John Parry,+0.28,1.3,+7774,7.7,+1202,15.2,+558,29.4,+240,73.0,-271
25,Beau Hossler,+0.18,1.3,+7813,7.5,+1226,14.6,+585,27.6,+262,70.1,-234
26,Rasmus Neergaard-Petersen,+0.20,1.2,+8166,7.3,+1276,14.2,+604,26.8,+273,72.1,-258
27,Pierceson Coody,+0.15,1.2,+8225,7.6,+1214,14.4,+595,26.0,+284,69.5,-228
28,Mackenzie Hughes,+0.12,1.2,+8490,7.2,+1281,14.0,+613,26.7,+275,70.4,-238
29,Zach Bauchou,+0.18,1.1,+8809,7.1,+1299,13.6,+635,27.1,+269,72.0,-258
30,Sudarshan Yellamaraju,+0.08,1.1,+8815,6.8,+1377,13.5,+639,25.6,+291,69.8,-231
31,Billy Horschel,+0.13,1.1,+9164,7.1,+1316,13.9,+622,26.6,+277,70.9,-243
32,Christiaan Bezuidenhout,+0.28,1.0,+9494,7.5,+1239,14.4,+592,28.3,+253,75.0,-301
33,Kristoffer Ventura,+0.12,1.0,+9803,6.3,+1485,12.8,+679,25.9,+286,71.4,-249
34,Neal Shipley,+0.20,1.0,+10087,7.0,+1320,13.9,+620,26.9,+271,72.8,-267
35,Steven Fisk,+0.05,0.9,+10601,6.1,+1539,12.7,+689,24.6,+307,69.6,-229
36,Seamus Power,+0.05,0.9,+10721,6.5,+1436,12.3,+715,24.1,+316,69.0,-223
37,Max McGreevy,-0.04,0.9,+10970,5.7,+1645,11.5,+770,22.9,+336,67.7,-210
38,Zac Blair,+0.03,0.9,+11159,6.1,+1547,12.0,+735,23.9,+319,69.3,-226
39,Joel Dahmen,-0.11,0.9,+11242,4.9,+1933,10.1,+891,21.1,+374,66.5,-199
40,Matt Snyder,-2.29,0.8,+11900,3.0,+3200,4.8,+1996,8.3,+1109,31.0,+222
41,Bowen Mauss,-2.29,0.8,+12233,3.1,+3147,5.0,+1920,8.6,+1064,31.4,+218
42,Lee Hodges,-0.03,0.8,+12729,5.8,+1621,11.6,+761,22.9,+336,68.1,-214
43,William Mouw,-0.10,0.8,+12803,4.9,+1949,10.5,+848,21.8,+359,65.9,-193
44,Chandler Phillips,+0.07,0.8,+12943,5.9,+1604,11.9,+740,23.9,+318,70.8,-242
45,Tyson Shelley,-2.29,0.8,+13110,2.9,+3384,5.0,+1904,8.7,+1052,30.5,+228
46,Austin Smotherman,-0.11,0.8,+13248,5.3,+1798,10.3,+870,20.8,+381,66.0,-194
47,Lucas Glover,-0.12,0.7,+13414,5.1,+1880,9.9,+909,20.4,+390,66.2,-196
48,Rhett Rasmussen,-2.29,0.7,+13332,2.7,+3550,4.5,+2147,7.8,+1182,30.1,+232
49,Zecheng Dou,-0.04,0.7,+13536,5.7,+1642,11.3,+784,22.5,+345,67.7,-209
50,Haotong Li,-0.33,0.7,+13693,4.2,+2298,8.5,+1071,17.7,+466,61.4,-159
51,Seonghyeon An,-2.29,0.7,+13853,2.8,+3497,4.6,+2088,8.1,+1132,30.3,+230
52,Denny McCarthy,+0.03,0.7,+14018,5.1,+1865,10.8,+822,22.6,+342,69.5,-228
53,Andrew Putnam,-0.04,0.7,+14068,4.9,+1958,10.2,+881,21.7,+361,68.4,-217
54,Boston Bracken,-2.29,0.7,+14697,2.8,+3484,4.7,+2032,8.2,+1118,30.8,+224
55,Jesper Svensson,-0.34,0.7,+15025,4.5,+2122,9.0,+1006,18.0,+456,60.3,-152
56,David Ford,-0.22,0.6,+15404,4.3,+2236,9.2,+993,19.1,+423,63.2,-172
57,Takumi Kanaya,-0.13,0.6,+16051,4.3,+2220,9.6,+947,20.0,+400,66.5,-199
58,Rasmus Højgaard,-0.30,0.6,+15926,4.2,+2258,8.2,+1118,17.7,+464,62.7,-168
59,Patrick Fishburn,-0.12,0.6,+16329,4.5,+2147,9.6,+942,20.5,+389,66.3,-197
60,Davis Chatfield,-0.20,0.6,+16271,4.0,+2419,8.8,+1036,18.9,+429,64.6,-183
61,Taylor Moore,-0.20,0.6,+16443,4.8,+2005,9.8,+918,19.9,+404,64.5,-182
62,Stephan Jaeger,-0.28,0.5,+18592,3.7,+2574,8.1,+1136,17.6,+469,62.3,-165
63,Chad Ramey,-0.36,0.5,+18505,3.6,+2709,7.9,+1161,17.2,+482,61.0,-157
64,Chandler Blanchet,-0.37,0.5,+18476,3.8,+2511,7.8,+1184,16.8,+495,60.6,-153
65,John VanDerLaan,-0.40,0.5,+18697,3.4,+2867,7.3,+1274,15.9,+530,60.4,-152
66,Tom Hoge,-0.38,0.5,+19768,3.6,+2670,7.6,+1218,16.5,+506,60.9,-156
67,Tony Finau,-0.32,0.5,+20136,4.0,+2419,8.3,+1106,17.7,+464,61.9,-163
68,Isaiah Salinda,-0.42,0.5,+20828,3.7,+2632,7.5,+1230,16.1,+523,60.5,-153
69,Hayden Springer,-0.43,0.5,+20953,3.1,+3105,7.2,+1293,15.2,+560,59.2,-145
70,Aldrich Potgieter,-0.66,0.5,+21467,3.1,+3147,6.7,+1397,13.9,+618,55.2,-123
71,A.J. Ewart,-0.38,0.4,+22627,3.4,+2850,7.3,+1270,16.2,+518,61.3,-159
72,Mark Hubbard,-0.35,0.4,+23057,3.1,+3157,7.0,+1329,16.3,+514,61.9,-163
73,Matthieu Pavon,-0.57,0.4,+23615,3.0,+3267,6.4,+1470,14.0,+613,56.9,-132
74,Kevin Streelman,-0.44,0.4,+24142,3.1,+3105,6.8,+1371,15.0,+564,59.4,-146
75,Patrick Rodgers,-0.43,0.4,+25195,3.0,+3222,6.8,+1364,14.7,+582,59.2,-145
76,Justin Lower,-0.62,0.4,+25216,2.6,+3761,5.9,+1598,12.9,+678,55.7,-126
77,David Lipsky,-0.50,0.4,+25270,2.9,+3360,6.3,+1482,14.0,+616,58.3,-140
78,Luke Clanton,-0.62,0.4,+26390,2.5,+3916,5.9,+1606,12.7,+691,55.6,-125
79,Paul Peterson,-0.42,0.4,+28069,3.1,+3147,6.9,+1343,15.6,+540,61.1,-157
80,Trace Crowe,-0.45,0.4,+28149,2.9,+3397,6.6,+1427,14.8,+577,59.9,-149
81,Pontus Nyholm,-0.68,0.4,+28309,2.4,+4084,5.1,+1865,11.9,+737,54.4,-119
82,Erik van Rooyen,-0.69,0.3,+28956,2.5,+3884,5.5,+1725,12.0,+734,54.3,-119
83,Adrien Dumont de Chassart,-0.61,0.3,+30988,2.5,+3965,5.6,+1686,12.9,+673,56.0,-127
84,Tyler Duncan,-0.54,0.3,+32509,2.5,+3822,5.9,+1586,13.6,+636,57.0,-133
85,Gordon Sargent,-0.59,0.3,+32158,2.6,+3761,5.8,+1636,13.3,+652,56.7,-131
86,Garrick Higgo,-0.76,0.3,+31815,2.3,+4229,4.9,+1962,11.4,+780,52.6,-111
87,C.T. Pan,-0.79,0.3,+36485,1.7,+5924,3.8,+2511,9.8,+920,51.6,-106
88,Alejandro Tosti,-1.27,0.3,+38988,1.5,+6479,3.2,+2986,7.3,+1264,43.1,+132
89,Danny Walker,-1.21,0.2,+43728,1.4,+7199,3.2,+3025,7.8,+1179,44.4,+125
90,Ben Silverman,-0.55,0.2,+46959,2.2,+4445,5.2,+1823,12.8,+680,57.7,-137
91,David Skinns,-0.81,0.2,+49080,1.8,+5518,4.5,+2147,10.4,+862,52.0,-108
92,Aaron Wise,-0.87,0.2,+49693,1.8,+5550,4.0,+2394,9.8,+925,50.3,-101
93,Joe Highsmith,-1.09,0.2,+50964,1.6,+6035,3.4,+2815,8.3,+1109,45.3,+121
94,Davis Riley,-1.26,0.2,+53471,1.2,+8030,3.1,+3168,7.4,+1250,44.1,+127
95,Vince Whaley,-0.88,0.2,+56504,1.6,+6229,3.4,+2807,9.0,+1016,51.4,-106
96,Hank Lebioda,-0.69,0.2,+59013,1.8,+5364,4.3,+2215,10.8,+823,54.0,-117
97,Kensei Hirata,-1.18,0.2,+58724,1.2,+8447,2.7,+3590,6.8,+1362,44.6,+124
98,Adam Svensson,-0.77,0.2,+62925,2.0,+4802,4.6,+2065,10.5,+849,52.1,-109
99,Jimmy Stanger,-1.06,0.1,+76333,1.3,+7419,3.4,+2841,8.9,+1029,47.6,+110
100,Adam Schenk,-1.16,0.1,+76626,1.1,+8750,3.0,+3179,7.1,+1304,44.1,+127
101,Ben Martin,-0.84,0.1,+80981,1.4,+6844,3.7,+2595,8.8,+1035,51.4,-106
102,Peter Malnati,-1.09,0.1,+85983,1.3,+7774,3.0,+3200,7.5,+1235,45.3,+121
103,Will Gordon,-1.22,0.1,+86857,1.1,+8672,2.9,+3325,6.8,+1366,43.0,+132
104,Jeffrey Kang,-1.03,0.1,+88135,1.2,+7965,3.1,+3147,7.8,+1176,46.2,+116
105,Nick Dunlap,-1.74,0.1,+92208,0.8,+13058,1.8,+5582,4.1,+2333,34.8,+188
106,Brice Garnett,-0.69,0.1,+101595,1.7,+5680,4.6,+2093,11.3,+787,54.2,-118
107,Kihei Akina,-1.53,0.1,+95138,0.8,+12721,1.9,+5191,4.7,+2041,38.0,+163
108,Dylan Wu,-0.85,0.1,+108008,1.6,+6352,3.6,+2701,9.0,+1010,51.5,-106
109,Michael Thompson,-1.21,0.1,+108991,1.1,+8829,2.6,+3674,6.7,+1399,43.7,+129
110,Rafael Campos,-1.30,0.1,+108008,0.8,+12558,2.2,+4508,5.8,+1630,42.5,+135
111,Christo Lamprecht,-1.77,0.1,+108008,0.7,+13414,1.5,+6479,3.6,+2678,33.4,+199
112,Patton Kizzire,-1.21,0.1,+142757,1.0,+10104,2.3,+4210,6.0,+1567,43.7,+129
113,Marcelo Rozo,-1.45,0.1,+187400,0.9,+10653,2.0,+4925,4.8,+1983,39.6,+153
114,Carson Lundell,-2.22,0.0,+285614,0.2,+47519,0.6,+15525,1.8,+5305,26.1,+284
115,Cam Davis,-1.53,0.0,+296930,0.8,+12246,2.0,+4976,4.9,+1958,38.6,+159
116,David Lingmerth,-1.72,0.0,+352841,0.5,+20308,1.3,+7774,3.3,+2930,33.8,+196
117,Brendon Todd,-1.83,0.0,+333233,0.4,+24900,0.9,+10653,3.0,+3256,31.7,+216
